formal_term,meaning,operationalization,data_source,unit_or_scale
SAL,Attacker-side attack value for the selected path.,"Approximated with target criticality, plausible-path depth, and whether the live stage reached gateway/worker/cloud attack-effect milestones.","MulVAL path metadata, attack scenario registry, stage state summary.","normalized utility proxy [0,1]"
SAP,Defender-side protection value for the current mission path.,"Approximated with target importance, current attack pressure, and whether the selected defense reduced observed attack progression.","Stage state summary, stage validation, scenario registry.","normalized utility proxy [0,1]"
AC,Attacker cost for mounting the selected live attack.,"Read from attacker strategy metadata as time, resource, knowledge, risk, and detectability cost.",Strategy space attacker metadata.,"normalized weighted cost [0,1]"
DC,Defender cost for the selected mitigation.,Read from defender strategy metadata and combined with controller overhead and QoS impact observed after action execution.,"Strategy space defender metadata, controller metrics, QoS deltas.","normalized weighted cost [0,1]"
resource_significance,Importance of the attacked or protected node in the edge-cloud workflow.,"Approximated by target criticality, node role, and whether the path reaches edge gateway, edge worker, or cloud target assets.","Scenario registry, strategy space, topology model.",ordinal role significance / normalized criticality
impact_weight,Weight assigned to attack or defense effects in the game update.,"Derived from expected attack effects, expected defense effects, and observed progression or containment outcomes.","Strategy metadata, stage validation, state summary.","normalized influence weight [0,1]"
controller_overhead,Operational cost imposed on the MTD control plane.,"Measured with active policy actions, flow rules installed, meters added, controller apply time, and controller CPU or memory deltas.","Ryu /mtd/status, /mtd/metrics, stage controller deltas.","counts, milliseconds, CPU seconds, memory KB"
qos_degradation,Service-quality penalty induced by attack pressure or mitigation.,"Measured using sensor-to-edge latency, edge-to-cloud latency, throughput, and packet loss deltas between consecutive stages.",Stage QoS metrics and QoS deltas.,"milliseconds, bytes per second, loss rate"
defense_success,Whether the defense both executed and meaningfully constrained the attack.,"Separated into defense_applied, defense_confirmed, defense_effects_confirmed, and defense_success to distinguish intent, controller confirmation, and observable containment.","Stage validation, state summary, defense-result logging.",boolean rate
